run_id,spacing,arm_mode,hinge_cw,tip_cw,main_clutch,hinge_clutch,v_wind,t_stop,E_init_j,elec_total,main_gen_j,hinge1_j,hinge2_j,fric_j,aero_j,main_clutch_j,hinge_clutch_plus_genheat_j,peak_shaft_rpm,peak_fly_rpm,final_residual_j,runtime_s
run_000,25cm,upper_double,5,1,oneway,oneway,6.0,119.95,1006.881038039744,355.5348884994132,1.8468628848102808,128.8444211525896,224.84360446201327,364.124989192476,92.5758618727778,0.6833993553291877,10.94131094924762,53.43739844093327,49.03883788474494,-169.10160227200026,14.807226419448853
run_001,25cm,upper_double,5,1,rectifier,oneway,6.0,119.95,996.2784755751574,353.3293118163823,1.7838604007458867,128.36132596284136,223.18412545279503,362.722381605037,91.93497485745104,0.6824091326245223,10.75483192205756,53.300278195713055,48.91084739569908,-162.9519074929484,15.657280206680298
run_002,25cm,upper_double,5,2,oneway,oneway,6.0,119.95,1184.0071568669637,406.82582285751175,2.9251457830795897,165.31274201438762,238.58793506004457,441.930950660766,103.79013440298029,0.7418019394154166,14.617643913505688,54.75883795748992,50.38286531590748,-201.9220514734097,17.362079620361328
run_003,25cm,upper_double,5,2,rectifier,oneway,6.0,119.95,1231.181136436106,427.44360426125553,3.146503463066962,174.14540998640834,250.15169081178024,457.6193264259747,111.18262530493392,0.7626217247553161,15.2949174765344,54.99448961063519,50.59956801699784,-204.65500178038587,18.334014892578125
run_004,25cm,upper_double,5,3,oneway,oneway,6.0,119.95,1422.7023517016,484.90004191269145,3.640062709293729,208.52703603960404,272.73294316379366,533.7267701903246,123.24707269198667,0.7894453675549267,17.522172626796486,54.802433693547215,50.40266866348122,-248.1189030761436,20.94640874862671
run_005,25cm,upper_double,5,3,rectifier,oneway,6.0,119.95,1416.8706291961437,484.610387162114,3.170686928117457,209.52032899259808,271.9193712413985,533.3950625761245,123.58903770790934,0.7718721287204829,16.217991045477156,54.15473042039686,49.76739803048532,-243.94984325077485,21.27351856231689
run_006,25cm,lower_double,5,1,oneway,oneway,6.0,119.95,657.8392622510147,238.74217201153067,0.0,100.20986078242396,138.5323112291067,224.30114530284925,115.76469641804056,0.4371111261929053,0.3981779676471719,38.25591783408085,33.88439983245243,-68.37676848416368,17.63806390762329
run_007,25cm,lower_double,5,1,rectifier,oneway,6.0,119.95,634.3719830542835,228.07503679097024,0.0,88.45014843247091,139.6248883584993,217.8686330900652,114.42162951439812,0.4074815356892288,0.4075242580286904,36.28176935167382,32.18357989397749,-64.2045234205026,17.985087156295776
run_008,25cm,lower_double,5,2,oneway,oneway,6.0,119.95,851.4523040023082,305.1199540521925,0.0,107.21286596027272,197.9070880919198,313.9948225065635,143.1565174206988,0.3946574006656109,0.4498638931149714,33.92964481787075,29.902577634307875,-80.35824998578232,16.32545804977417
run_009,25cm,lower_double,5,2,rectifier,oneway,6.0,119.95,847.495235937022,303.042957104449,0.0,104.41609061375551,198.6268664906935,312.9119788224706,143.64266051020678,0.3858743095115116,0.4386799290511086,33.48417537312059,29.44612177414448,-79.30870308817384,16.228492975234985
run_010,25cm,lower_double,5,3,oneway,oneway,6.0,119.95,1081.459911078199,376.8124182200735,0.0,125.8441953295761,250.9682228904974,416.8517883434991,180.38760611219013,0.3805499888817907,0.539543261307845,32.57928692348931,28.453998957024275,-99.22553348923384,15.99059247970581
run_011,25cm,lower_double,5,3,rectifier,oneway,6.0,119.95,1055.2240840445702,367.2799339807085,0.0,122.09273782084324,245.1871961598652,409.3065703988847,173.7786445424237,0.3714482705102375,0.5377725789046165,32.22452082254854,28.117637569342023,-96.83833427005948,16.068920135498047
run_012,50cm,upper_double,5,1,oneway,oneway,6.0,119.95,986.1069344611092,347.3208957890762,1.8004860183401032,125.95656620573118,219.56384356500493,358.18460151797706,89.71820965465866,0.6799145680379123,10.769048429089075,53.33463419225954,48.97434973180243,-165.52971750784684,15.005479335784912
run_013,50cm,upper_double,5,1,rectifier,oneway,6.0,119.95,978.5663795540592,346.5151178073578,1.826448822121444,125.74036774628942,218.9483012389469,357.7191522920886,89.41374096434005,0.6842343473692247,10.849265763324915,53.40277671957304,49.03346370862419,-159.47486610015255,14.66570234298706
run_014,50cm,upper_double,5,2,oneway,oneway,6.0,119.95,1226.51793345206,422.6659827760484,2.620946779712816,172.38785161920904,247.65718437712653,453.87977158514656,109.6308067093245,0.7278776186577839,13.841189512838286,54.20136035737761,49.81462683777984,-211.6352107312549,16.71589469909668
run_015,50cm,upper_double,5,2,rectifier,oneway,6.0,119.95,1204.721739448816,416.9815353437507,2.9119127069919624,169.7193116950369,244.35031094172183,449.6524202293699,107.43814352596496,0.7472306080441121,14.60976908339748,54.70009166665871,50.32573524087835,-201.115568231486,16.65643835067749
run_016,50cm,upper_double,5,3,oneway,oneway,6.0,119.95,1432.8427779269628,488.4768950078381,3.365544742904987,211.01701245033857,274.0943378145945,536.3673730178801,124.89778176595338,0.7769533681993916,16.813807720274422,54.35809422944234,49.99206600306121,-251.13298838480137,17.590198040008545
run_017,50cm,upper_double,5,3,rectifier,oneway,6.0,119.95,1421.8579685096638,486.4748187258492,3.0065160292753896,210.06807800663503,273.4002246899388,534.8082288447642,124.10891331790522,0.7636820224356973,15.774471780698589,53.88948801031157,49.51782769848709,-245.61556489620148,18.499474048614506
run_018,50cm,lower_double,5,1,oneway,oneway,6.0,119.95,648.3561592781459,234.4922015737737,0.0,95.57161776734968,138.92058380642405,221.77873919611773,115.14489924600484,0.4249318021977709,0.3994774383745419,37.41793216977155,33.197641171607444,-66.62106860339338,14.236191749572754
run_019,50cm,lower_double,5,1,rectifier,oneway,6.0,119.95,639.7846303998001,230.80778806449905,0.0,91.40465743691202,139.40313062758702,219.61507552056133,114.545359366822,0.4086000016430479,0.4025950720551104,36.342084840224565,32.23214455323785,-64.98925171339545,14.572108268737791
run_020,50cm,lower_double,5,2,oneway,oneway,6.0,119.95,841.5244422264693,304.73076289424074,0.0,113.28285043576972,191.44791245847105,311.5316530313329,136.57634606802375,0.3638195303610217,0.4293006553585237,32.716606870587185,28.80134160700745,-80.41991018610679,15.572247505187988
run_021,50cm,lower_double,5,2,rectifier,oneway,6.0,119.95,855.4796860938796,307.5175647438204,0.0,110.36701457756612,197.15055016625428,315.3048841865385,142.589211309559,0.3902527506556696,0.4498715920900326,33.861382661484726,29.8441677353786,-81.27254372852224,16.669676303863525
run_022,50cm,lower_double,5,3,oneway,oneway,6.0,119.95,1091.2246075317837,380.6454691653855,0.0,127.40098406299644,253.24448510238904,419.74454373237626,182.79000308776597,0.3772436979350434,0.5390458809168379,32.257734276146806,28.14807857372292,-100.0028012818957,15.544002294540403
run_023,50cm,lower_double,5,3,rectifier,oneway,6.0,119.95,1058.2915475187413,368.3043679428591,0.0,122.2731797547738,246.03118818808525,410.2958194873523,174.74537538725497,0.3741635874926123,0.5361171297057786,32.218906121916,28.138038685388103,-96.91517036117943,14.580191373825071
1,25cm,upper_double,10,1,oneway,oneway,6.0,119.95,1669.3553717907046,615.5984701419414,3.494919200700916,192.20625306548897,419.8972978757516,599.3529101318464,152.3029452648184,0.7695268274145907,16.282510923927767,55.6479474660381,51.23920093504762,-270.8724199743531,9.31511402130127
2,25cm,upper_double,10,1,rectifier,oneway,6.0,119.95,1671.0518497901626,623.2635018791368,2.681500271687576,188.47220685479587,432.1097947526533,600.8034899436545,151.63364745528804,0.7314740028819793,13.998150802296042,54.306421563862784,49.93445825260167,-266.5797269947002,9.427437782287598
3,25cm,upper_double,10,2,oneway,oneway,6.0,119.95,1901.6795920292104,684.5042513426026,3.783545764629189,237.24770307103785,443.4730025069357,696.8776061741883,168.33711609055322,0.7904140263473499,17.919538379603495,55.101535814734106,50.696285665456735,-318.8552480106496,10.700792074203491
4,25cm,upper_double,10,2,rectifier,oneway,6.0,119.95,1905.758038775725,687.2554244109027,3.4087158360043848,240.10452289691463,443.7421856779837,699.0968869029416,170.07973963864276,0.7759844605115894,16.944656165637557,54.43553176903921,50.063115192285885,-317.2651340718264,11.998892068862917
5,25cm,upper_double,10,3,oneway,oneway,6.0,119.95,2153.0423115555104,758.7207745843746,4.402136933515634,291.3867249534231,462.9319126974358,794.4277840583159,190.7895156845884,0.8244338417883202,20.53038024939289,54.90179498615842,50.51532044581581,-372.94255834089154,11.640954971313477
6,25cm,upper_double,10,3,rectifier,oneway,6.0,119.95,2125.0251061086183,750.2505419818731,3.182390617961919,288.98893711811724,458.079214245794,787.588533282221,187.9505795861604,0.7655986254938069,16.85248590734037,53.59347334101276,49.23194697776133,-367.0158862703538,12.869426250457764
7,25cm,lower_double,10,1,oneway,oneway,6.0,119.95,986.3526121233018,368.8849818106311,0.0,181.0210492305004,187.8639325801307,336.58235687143065,164.83694089221575,0.4481203576516268,0.4722387874700864,41.14223831219659,36.9225705306876,-103.69103973542678,8.293467044830322
8,25cm,lower_double,10,1,rectifier,oneway,6.0,119.95,987.8986526282118,364.6415068588658,0.0,166.10709296679195,198.5344138920738,332.4701907484388,177.4854280016012,0.4471618226994386,0.4805072372120004,40.76043367548431,36.585273950505375,-101.11455513239524,8.654700994491577
9,25cm,lower_double,10,2,oneway,oneway,6.0,119.95,1227.2960029380354,464.1678871870779,0.1246293988554948,232.5132300289082,231.53002775931424,429.51541359860863,186.30626438057067,0.5253329394995527,2.791498892251104,46.17561769570948,41.94158751196511,-131.00454894555173,10.279108762741089
10,25cm,lower_double,10,2,rectifier,oneway,6.0,119.95,1218.2715253487545,462.4362554926642,0.1370622561871276,236.8213112367386,225.47788199973849,427.4207309699165,181.18013778611484,0.5349106136879899,2.881684976642392,46.4202072470424,42.17973534664928,-130.80448511254917,9.575360536575316
11,25cm,lower_double,10,3,oneway,oneway,6.0,119.95,1423.618813399467,530.8687429242958,0.9409999709357536,245.38440848250195,284.5433344708581,510.78927170970366,211.62186227277124,0.6742321591046172,7.6472844333966385,53.06806413232385,46.98133219679675,-148.6021124822255,10.85689640045166
12,25cm,lower_double,10,3,rectifier,oneway,6.0,119.95,1442.0738834263266,541.0373254516679,0.9367744258571096,258.00603365298593,282.0945173728249,515.2400365097229,211.0409862196365,0.6799777303553265,7.631675993585525,52.77784499723416,47.004552243504506,-153.02723958159572,11.590967893600464
13,50cm,upper_double,10,1,oneway,oneway,6.0,119.95,1729.019300901661,638.8368768564444,3.4490280962667703,200.1329648549674,435.2548839052102,616.0986606982799,160.7910662628681,0.7693694272000652,16.194423909699008,55.52953238663733,51.11037845216369,-282.1558092115624,11.008607387542725
14,50cm,upper_double,10,1,rectifier,oneway,6.0,119.95,1724.3240088305276,646.4584776917839,1.923678347697396,193.8328879630824,450.701911381004,615.1659232947247,158.57794412870336,0.6940233503406105,11.61394647519959,53.04616700261628,48.68183741500015,-277.9139125659992,12.402176856994627
15,50cm,upper_double,10,2,oneway,oneway,6.0,119.95,1923.91016003709,692.3570282848256,3.0954094523401525,241.198867986304,448.06275084618136,702.5478621225851,171.55841282353168,0.7563860155112572,16.073213379939954,54.00020886041712,49.633035334609694,-326.3246778711407,12.092893600463867
16,50cm,upper_double,10,2,rectifier,oneway,6.0,119.95,1948.9496393425536,705.0001023621201,3.741030675843842,245.50664594544497,455.75242574083126,712.1667612682015,175.9712784117842,0.7944975996191259,17.911466861779157,54.897046464589415,50.51209810136631,-322.7099069989549,11.886587619781494
17,50cm,upper_double,10,3,oneway,oneway,6.0,119.95,2084.7082881683323,732.4894914137749,4.5501914727568,281.11879886058057,446.8205010804375,775.0987800856942,181.53370341851468,0.8270090204047356,20.68545746614824,55.25539244571822,50.85052314873087,-359.3472642305883,11.45720386505127
18,50cm,upper_double,10,3,rectifier,oneway,6.0,119.95,2084.6374069146736,735.2668122579057,4.68504614376581,281.6202327382512,448.9615333758888,776.9200135322446,182.25211793229607,0.8405879853376096,21.122815817783387,55.30952421147337,50.89907166837688,-353.4825271561742,12.3080952167511
19,50cm,lower_double,10,1,oneway,oneway,6.0,119.95,991.052601880599,367.9330423814442,0.0,172.41752786117308,195.51551452027115,335.0204273219316,173.55233781828815,0.4473389058037509,0.4841813263499019,40.99478979893706,36.80332497436844,-102.24125549892447,9.019959449768066
20,50cm,lower_double,10,1,rectifier,oneway,6.0,119.95,990.2502500038388,369.6120389544079,0.0,180.2333262682394,189.3787126861685,337.39445305047104,167.14816769154527,0.4521563510474277,0.4823019500816342,41.32973031395115,37.11076483018576,-103.62453391134102,8.615354299545288
21,50cm,lower_double,10,2,oneway,oneway,6.0,119.95,1187.904577239502,451.496414027778,0.0527884119331294,231.31161845062647,220.13200716521837,419.7081223713967,174.04554048138726,0.5191056205372467,1.8972971344972196,45.064735695947626,40.82455122478882,-127.40774495258688,8.525795698165894
22,50cm,lower_double,10,2,rectifier,oneway,6.0,119.95,1205.8581966562042,457.6914825285765,0.0898684666387315,233.54736192830347,224.0542521336343,424.2615706885272,178.6546491964626,0.5261107910485164,2.399301457415817,45.73487111763329,41.49144449429644,-129.3978685759912,8.862190008163452
23,50cm,lower_double,10,3,oneway,oneway,6.0,119.95,1409.946571005451,512.4359207103438,0.1474076204532631,195.9306197736642,316.3578933162263,505.6394489509502,235.55108784710475,0.5900468369144221,3.1884937171837087,48.32627374309296,41.88243341068166,-139.56948379287385,10.285636901855469
24,50cm,lower_double,10,3,rectifier,oneway,6.0,119.95,1412.060497452342,512.7198453744743,0.5280566921279942,196.9108518130761,315.28093686927014,505.30145204735385,234.5746520297988,0.6144760962672232,5.748227965569951,49.34270525600861,44.88334461179539,-139.8429423059938,8.473357677459717
1,25cm,upper_double,15,1,rectifier,oneway,6.0,119.95,2393.6855444943976,1022.5767386173808,2.8340626393461053,175.77856900465176,843.9641069733829,816.4519880174755,192.8526103750603,0.7301037578082993,13.89854030097458,56.15499912853319,51.72969461910747,-333.25850905340485,12.304106712341309
2,25cm,upper_double,15,1,oneway,oneway,6.0,119.95,2364.1935422423035,978.946942152365,2.1669985257673168,188.88915665256576,787.8907869740318,819.7622414991838,189.85477637269983,0.7040242993415217,12.193638270764032,54.06132342580108,49.67879361052679,-348.88540852840924,12.929901123046877
3,25cm,upper_double,15,2,rectifier,oneway,6.0,119.95,2573.173616711198,964.715753115168,1.835498204257252,292.3167222743874,670.5635326365233,930.2575145521664,227.03168764449345,0.6924416398938934,12.600914297394272,51.62659136187653,47.24962222345936,-423.1237751042004,13.087312698364258
4,25cm,upper_double,15,2,oneway,oneway,6.0,119.95,2651.4811192677685,978.7970876313324,3.4431827339478147,313.8878884970697,661.466016400315,954.2182040445776,240.73316134436985,0.7745107818596154,17.5929239722485,54.041954367188126,49.64640038098258,-444.2177915757934,13.735930919647217
5,25cm,upper_double,15,3,oneway,oneway,6.0,119.95,2833.247122656124,1027.136964439463,3.898549739915505,349.93554421913234,673.3028704804155,1028.0744789435107,248.88368806286783,0.8013752618412977,19.64700108553042,53.91848306098731,49.534845124797776,-482.8094285031516,25.235520124435425
6,25cm,upper_double,15,3,rectifier,oneway,6.0,119.95,2779.7776709719324,1005.7564188734568,3.67095095885015,347.0435271493903,655.0419407652164,1014.3720155849308,243.20049507399557,0.7950858966471933,18.99752758795947,53.6718198093765,49.28884550365812,-470.87877073245,25.62512516975403
7,25cm,lower_double,15,1,oneway,oneway,6.0,119.95,1363.672653879317,498.3214997231887,5.052872139686449e-05,216.2205850058354,282.100864188632,447.8749934765212,269.6956945821809,0.4838485330265203,0.6382534931334856,42.57099277543086,38.38592486943281,-134.44728475647344,22.268970012664795
8,25cm,lower_double,15,1,rectifier,oneway,6.0,119.95,1348.208746491933,483.1793355484363,0.0,182.73402269290057,300.44531285553575,430.35809967287287,294.5302120531613,0.479423775705032,0.6175459158745513,41.91499774544828,37.77108991728898,-127.1550817509767,22.58516907691956
9,25cm,lower_double,15,2,oneway,oneway,6.0,119.95,1536.026319378759,546.7162641438456,0.0,158.01876490743632,388.6974992364092,505.7609488135215,336.54500076483606,0.4404358041014549,0.6888234339114473,39.36277071132181,35.334220439542484,-135.2556390671839,21.874906539916992
10,25cm,lower_double,15,2,rectifier,oneway,6.0,119.95,1560.1020077025248,557.0089826544636,0.0,167.8635131165159,389.14546953794775,512.373239498392,340.29542824626054,0.4485149494319182,0.7008734310981266,40.78113876080996,36.69548211234186,-137.99822956716685,22.89215064048767
11,25cm,lower_double,15,3,oneway,oneway,6.0,119.95,1722.797136294592,617.9569413788888,0.0046921392554432,191.1815663135658,426.77068292606754,596.8122202219726,336.3249406327829,0.5111894163149205,1.1384071904677022,43.563438012638805,39.20136202180177,-157.6622496202649,22.201058864593502
12,25cm,lower_double,15,3,rectifier,oneway,6.0,119.95,1791.6180221749808,638.7461896471495,0.0069133446386184,187.21850302823304,451.5207732742779,610.0109971950305,367.860155480226,0.5235633395783404,1.2229020087201214,43.52709812189188,39.36350574424777,-160.8194490427877,22.042609691619877
13,50cm,upper_double,15,1,oneway,oneway,6.0,119.95,2375.5496560153315,980.5854041037508,2.4007141008789445,197.21143116453325,780.9732588383386,820.1193093379684,189.7471525064757,0.7144597835163021,12.73562280069656,55.17899793010152,50.77356984915264,-357.7936767826093,25.83412504196167
14,50cm,upper_double,15,1,rectifier,oneway,6.0,119.95,2427.7178608717395,1009.976757572593,2.956764956216684,198.1053060364776,808.9146865798988,837.9818787036259,197.1527855060961,0.7445300167335618,14.285912049181984,56.18886503772147,51.77417622597408,-353.63920677826945,26.29424405097961
15,50cm,upper_double,15,2,oneway,oneway,6.0,119.95,2550.09999266655,939.7404627614612,3.7480398979785967,299.25387108674107,636.7385517767416,925.4873754929253,226.27584520483188,0.7860787515759956,18.36676746554641,54.52097084488452,50.12157893854444,-424.3792830759603,26.7922625541687
16,50cm,upper_double,15,2,rectifier,oneway,6.0,119.95,2662.0092776634037,988.7789116815588,3.762869202424779,312.3600531440919,672.655989335042,959.4998525995434,242.39295422361732,0.7933348631190864,18.44634408535718,54.51585725618756,50.11222322950048,-436.9294537013248,27.90444231033325
17,50cm,upper_double,15,3,oneway,oneway,6.0,119.95,2781.026993107212,1004.8525635552596,4.555334650696302,344.9180141551081,655.3792147494553,1013.9784285465588,242.2484980179638,0.8300556665120262,21.37270063027057,54.77350584496034,50.37710999541998,-472.0520694799893,27.610955953598022
18,50cm,upper_double,15,3,rectifier,oneway,6.0,119.95,2821.600561208459,1022.040485559945,4.511947925282848,353.4447668731594,664.0837707615027,1027.31075970144,249.3090540968555,0.8395482650246912,21.6948866237576,54.41705705158771,50.01674479079425,-473.9681663951496,28.663414239883423
19,50cm,lower_double,15,1,oneway,oneway,6.0,119.95,1322.1737204360518,482.7210551183307,0.0,206.43228427110628,276.2887708472244,436.0825991789744,261.46291001889966,0.465366969674679,0.5889725319832855,41.067831010366056,36.87993321334348,-129.4379947012428,19.10633063316345
20,50cm,lower_double,15,1,rectifier,oneway,6.0,119.95,1321.4912373593495,474.2639894753678,0.0,177.00596942179808,297.2580200535697,426.2512058459817,284.4119706095332,0.4633935038489157,0.6017548927233967,40.70462736192638,36.5527687500242,-124.25376700903372,19.16911005973816
21,50cm,lower_double,15,2,oneway,oneway,6.0,119.95,1546.365929254801,556.3625377497183,0.0,186.3705696325189,369.9919681171993,516.1030864046961,320.85439117367736,0.4453483838315168,0.6972287347083294,40.41144876045062,36.298475401621225,-140.83312608043866,17.55587363243103
22,50cm,lower_double,15,2,rectifier,oneway,6.0,119.95,1557.0316456104922,554.5947682338676,0.0,164.69089939612724,389.9038688377404,509.8234143784179,341.77278484662133,0.4540431121827165,0.7263461471667884,41.6929004911713,37.65076561896253,-137.82930590925457,15.108311653137209
23,50cm,lower_double,15,3,oneway,oneway,6.0,119.95,1779.5134648375918,634.2858508172233,0.0060829612439856,183.50303833315056,450.7767295228287,607.1679214570803,365.21360222889615,0.5136898544212075,1.1829362084197832,43.48936060813767,39.30871352604452,-158.72950395290422,10.173578262329102
24,50cm,lower_double,15,3,rectifier,oneway,6.0,119.95,1774.0201000348077,630.7410838399012,0.001063773447066,175.5404103450577,455.1996097213965,603.931980666199,368.64964063165536,0.5068601876050433,0.967368263204392,42.93018082822688,38.76647505958107,-156.96337945588698,9.46764326095581
